name,page-name,page-id,likes,talking-about,party,dist,percent
丁守中,丁守中,tingshouchung,27611,4633,國民黨,台北市第1選舉區,16.779544384484442
吳思瑤,台北有需要‧請找吳思瑤,TaipeiNeedYou,20959,5967,民進黨,台北市第1選舉區,28.469869745693977
王靜亞,王靜亞,drwangyaya,14584,7342,民國黨,台北市第1選舉區,50.342841470104226
姚文智,姚文智翻台北,YaoTurningTaipei,30825,2274,民進黨,台北市第2選舉區,7.377128953771289
潘懷宗,潘懷宗,apan710,16706,5533,新黨,台北市第2選舉區,33.119837184245185
吳俊德,吳俊德,tmskex,4458,2571,信心希望聯盟,台北市第2選舉區,57.67160161507402
蔣萬安,蔣萬安,chiangwanan,28996,11086,國民黨,台北市第3選舉區,38.23285970478686
潘建志,BillyPan 潘建志醫師,billypan102,164806,17139,無黨籍,台北市第3選舉區,10.399500018203222
李晏榕,李晏榕 Yen-jong Lee,sdpyenjonglee,11107,3313,綠黨社會民主黨聯盟,台北市第3選舉區,29.82803637345818
林新凱,林新凱,akhai.tw,855,12,台灣獨立黨,台北市第3選舉區,1.4035087719298245
黃麗香,第九屆立法委員臺北市第三選區（中山、松山）候選人黃麗香,804942532948244,46,17,無黨籍,台北市第3選舉區,36.95652173913043
李彥秀,李彥秀,ashow.tpe,32763,10697,國民黨,台北市第4選舉區,32.64963525928639
黃珊珊,台北市議員黃珊珊,taipei33,81204,7566,親民黨,台北市第4選舉區,9.317275011083199
蕭亞譚,蕭亞譚網路總部,YatanOffice,11167,1515,台灣團結聯盟,台北市第4選舉區,13.566759201217874
陳尚志,陳尚志 社會民主黨,SCCSDP,5142,3422,綠黨社會民主黨聯盟,台北市第4選舉區,66.54998055231427
林少馳,林少馳 Terrence Lin,sclregeneration,2488,857,時代力量,台北市第4選舉區,34.44533762057878
何偉,何偉,SAVETAIWANECONOMICS,128,17,無黨籍,台北市第4選舉區,13.28125
林昶佐,林昶佐 中正萬華關鍵戰將,ivotefreddy,27923,12876,時代力量,台北市第5選舉區,46.11252372596068
李家幸,朝天椒（李家幸）,hotpepper.tw,451,835,台灣獨立黨,台北市第5選舉區,185.14412416851442
尤瑞敏,尤瑞敏 （蔡媽媽）,1448822928767933,2115,191,樹黨,台北市第5選舉區,9.030732860520095
蔣乃辛,蔣乃辛,Chiang.NaiShin,1029,167,國民黨,台北市第6選舉區,16.229348882410108
范雲,大安推范雲,daan4fanyun,14408,3431,綠黨社會民主黨聯盟,台北市第6選舉區,23.81315935591338
吳旭智,吳旭智,Morning.MKT,4124,2488,民國黨,台北市第6選舉區,60.32977691561591
龎維良,龎維良- 改變才有新力量,756275957803295,1490,303,無黨籍,台北市第6選舉區,20.335570469798657
周芳如,周芳如大安區立委參選人,choufj,2302,602,無黨籍,台北市第6選舉區,26.151172893136405
趙衍慶,趙衍慶,737238553021570,217,38,無黨籍,台北市第6選舉區,17.51152073732719
陳家宏,陳家宏,ChiaHungChen.tw,1115,112,樹黨,台北市第6選舉區,10.044843049327353
曾獻瑩,政治 從家開始-曾獻瑩,politicsfromfamily,1869,2001,信心希望聯盟,台北市第6選舉區,107.06260032102728
古文發,大愛憲改聯盟大安區立委參選人 古文發,441557072670526,259,12,大愛憲改聯盟,台北市第6選舉區,4.633204633204633
費鴻泰,費鴻泰（阿力克司）,893657620668012,33816,10562,國民黨,台北市第7選舉區,31.23373550981784
呂欣潔,呂欣潔 Jennifer Lu,JenniferLuTw,16400,6621,綠黨社會民主黨聯盟,台北市第7選舉區,40.3719512195122
楊實秋,楊實秋,PPMasterYang,69831,24332,無黨籍,台北市第7選舉區,34.8441236700033
林文傑,林文傑-信義.南松山,777290745726354,294,81,無黨籍,台北市第7選舉區,27.55102040816326
賴士葆,賴士葆,1573873889493647,22610,4123,國民黨,台北市第8選舉區,18.235294117647058
苗博雅,苗博雅 MiaoPoya,miaopoya.sdp,27050,9022,綠黨社會民主黨聯盟,台北市第8選舉區,33.35304990757856
李慶元,【國會新頭腦】李慶元,863388347084952,8120,2930,無黨籍,台北市第8選舉區,36.08374384236453
陳如聖,陳如聖,lucent.chen,131,37,台灣工黨,台北市第8選舉區,28.24427480916031
吳育昇,吳育昇,yeswuasheng,15976,2160,國民黨,新北市第1選舉區,13.520280420630945
呂孫綾,呂孫綾,shirleylu312,7035,1747,民進黨,新北市第1選舉區,24.832977967306324
陳明義,陳明義,imingyi,8110,3563,國民黨,新北市第2選舉區,43.933415536374845
林淑芬,林淑芬,linshufen.fans,22560,6315,民進黨,新北市第2選舉區,27.992021276595747
李乾龍,李乾龍粉絲團,239551342729652,15772,5287,國民黨,新北市第3選舉區,33.52143038295714
高志鵬,高志鵬 Gao Jyh Peng,gaojyhpeng,6790,4281,民進黨,新北市第3選舉區,63.048600883652426
姚胤宏,新北市第三選區立委候選人姚胤宏 - 樹黨,TreespartyYao,122,129,樹黨,新北市第3選舉區,105.73770491803278
陳茂嘉,陳茂嘉立委候選人～後援會,1521687654809874,167,233,國民黨,新北市第4選舉區,139.52095808383234
吳秉叡,吳秉叡,Wubray,26705,17983,民進黨,新北市第4選舉區,67.3394495412844
賈伯楷,賈伯楷,bokaijia,1337,306,綠黨社會民主黨聯盟,新北市第4選舉區,22.887060583395662
黃志雄,黃志雄&洪佳君,ly11051,19768,2402,國民黨,新北市第5選舉區,12.150951031970862
蘇巧慧,蘇巧慧,chiaohui.su,70832,10195,民進黨,新北市第5選舉區,14.393212107522025
郭柏瑜,郭柏瑜 為人民出任務,940997429312809,335,398,時代力量,新北市第5選舉區,118.80597014925374
林國春,林國春,superkcl,21791,7395,國民黨,新北市第6選舉區,33.93602863567528
張宏陸,張宏陸,hunglueball,6838,3052,民進黨,新北市第6選舉區,44.632933606317636
康仁俊,康莊新板橋 康仁俊,187188091318923,5035,4409,親民黨,新北市第6選舉區,87.56703078450843
李貴寶,李貴寶,753716164737074,1305,976,民國黨,新北市第6選舉區,74.78927203065135
李建明,李建明,TreesPartyJimmyLi,376,38,樹黨,新北市第6選舉區,10.106382978723403
黃鈞民,黃鈞民,1464001000569861,1137,53,軍公教聯盟黨,新北市第6選舉區,4.661389621811785
游信義,游信義,You.HsinYi,4849,2501,信心希望聯盟,新北市第6選舉區,51.57764487523201
江惠貞,江惠貞,huizhen0128,16552,6910,國民黨,新北市第7選舉區,41.747220879652005
羅致政,台灣新力量/羅致政粉絲團,voteforlo,39737,6593,民進黨,新北市第7選舉區,16.591589702292573
李婉鈺,李婉鈺的園地,wanyu.newtaipeicity,14768,1229,無黨籍,新北市第7選舉區,8.32204767063922
汪成華,汪成華/新北第7選區-板橋東區立委參選人,e.Bangiao,355,36,健保免費連線,新北市第7選舉區,10.140845070422536
張慶忠,張慶忠,chingchung401224,1687,463,國民黨,新北市第8選舉區,27.445168938944875
江永昌,江永昌,iamyungchang,586,454,民進黨,新北市第8選舉區,77.47440273037543
林德福,林德福,lintefu,1443,206,國民黨,新北市第9選舉區,14.275814275814275
張菁芳,張菁芳 民國黨立委參選人_永和·中和秀安,mkt234ccchang,4005,891,民國黨,新北市第9選舉區,22.247191011235955
李幸長,居住正義 - 李幸長,leehsinchangTW,2339,215,無黨籍,新北市第9選舉區,9.191962377084224
吳琪銘,吳琪銘,wuqiming519,5767,2379,民進黨,新北市第10選舉區,41.25195075429166
羅明才,羅明才,mtlo.tw,12564,788,國民黨,新北市第11選舉區,6.271887933779051
陳永福,新北市議員 陳永福,fu.hearken,2589,534,民進黨,新北市第11選舉區,20.625724217844727
曾柏瑜,曾柏瑜,poyu.tseng2016,7732,3532,綠黨社會民主黨聯盟,新北市第11選舉區,45.680289705121574
李慶華,李慶華,lym033a,15281,2838,國民黨,新北市第12選舉區,18.57208297886264
黃國昌,「黃國昌  從頭贏回台灣」,kcfor2016,27448,5479,時代力量,新北市第12選舉區,19.961381521422325
陳永順,陳永順,FHLTWys,1217,306,信心希望聯盟,新北市第12選舉區,25.143796220213638
陳根德,陳根德,kentechen,19329,3590,國民黨,桃園市第1選舉區,18.573128459827203
鄭運鵬,鄭運鵬粉絲團,nicepongpong,1438,235,民進黨,桃園市第1選舉區,16.342141863699585
王寶萱,王寶萱,standforpeople,5861,1964,綠黨社會民主黨聯盟,桃園市第1選舉區,33.50963999317523
廖正井,廖正井,590121424421164,3542,1050,國民黨,桃園市第2選舉區,29.64426877470356
陳佩俞,陳佩俞,py1234,1171,181,樹黨,桃園市第2選舉區,15.456874466268147
陳學聖,陳學聖,junglicity,22608,906,國民黨,桃園市第3選舉區,4.007430997876858
徐景文,徐景文,cwhsu2016,21945,10892,民進黨,桃園市第3選舉區,49.633173843700156
陳宏瑞,陳宏瑞,inventor.MKT,3525,1451,民國黨,桃園市第3選舉區,41.16312056737589
賴立竹,中壢優先 賴立竹,140397062741642,3814,1493,無黨籍,桃園市第3選舉區,39.14525432616676
楊麗環,楊麗環,yanglihuan,4021,1370,國民黨,桃園市第4選舉區,34.07112658542651
鄭寶清,鄭寶清,1572448819666020,2979,1287,民進黨,桃園市第4選舉區,43.202416918429
呂玉玲,看見幸福 呂玉玲,yuling616,13644,3678,國民黨,桃園市第5選舉區,26.95690413368514
張肇良,張肇良 為您打拼,zao.liang4798751,21128,6050,民進黨,桃園市第5選舉區,28.634986747444152
張誠,民國黨 張誠博士 平鎮龍潭區 立法委員參選人,PhDChang,7733,1742,民國黨,桃園市第5選舉區,22.52683305314884
孫大千,"孫大千Sun, Ta-Chien",1503745219913314,15833,2094,國民黨,桃園市第6選舉區,13.225541590349271
呂東杰,呂東杰,lu.d.jie.10,893,175,綠黨社會民主黨聯盟,桃園市第6選舉區,19.596864501679732
趙正宇,趙正宇,JhengYuOfficeBlog,12152,2303,無黨籍,桃園市第6選舉區,18.951612903225808
顏秋月,顏秋月,chiouyueyen,9441,1584,國民黨,台中市第1選舉區,16.777883698760725
蔡其昌,蔡其昌,taichungGogogo,129838,27300,民進黨,台中市第1選舉區,21.026201882345692
顏寬恒,顏寬恒,kuanheng99,23643,7137,國民黨,台中市第2選舉區,30.18652455272174
陳世凱,陳世凱,chenshihkai.taichung,25602,6127,民進黨,台中市第2選舉區,23.931724084055933
楊瓊瓔,好立委 楊瓊瓔,195094157238158,41068,16315,國民黨,台中市第3選舉區,39.72679458459141
洪慈庸,洪慈庸,newpowerhung,102473,53134,時代力量,台中市第3選舉區,51.85170727899057
蔡錦隆,蔡錦隆加油讚,long.tcgo,25181,7434,國民黨,台中市第4選舉區,29.522258845955285
張廖萬堅,堅持．張廖萬堅,wanchien0209,20466,5302,民進黨,台中市第4選舉區,25.906381315352288
吳淑慧,吳淑慧,nikkywuMKT,6032,2890,民國黨,台中市第4選舉區,47.91114058355438
葉春幸,台灣阿幸葉春幸,HsingForTaiwan,2610,2516,信心希望聯盟,台中市第4選舉區,96.3984674329502
盧秀燕,盧秀燕,109391162488374,3113,606,國民黨,台中市第5選舉區,19.46675232894314
劉國隆,劉國隆建築師,889579694439132,2690,1304,台灣團結聯盟,台中市第5選舉區,48.47583643122677
簡孟軒,簡孟軒,life.andrew,2332,2019,信心希望聯盟,台中市第5選舉區,86.57804459691252
沈智慧,沈智慧粉絲團,eqmame.tw,6442,9064,國民黨,台中市第6選舉區,140.70164545172307
黃國書,黃國書,566381323386617,23560,6434,民進黨,台中市第6選舉區,27.308998302207133
賴義鍠,推動社會善良風！賴義鍠服務處,945847845427050,954,136,國民黨,台中市第7選舉區,14.255765199161424
何欣純,何欣純立法委員粉絲團,302880513884,2632,499,民進黨,台中市第7選舉區,18.958966565349545
江啟臣,江啟臣服務讚,johnnyccchiang,22691,3755,國民黨,台中市第8選舉區,16.548411264377947
謝志忠,謝志忠　幫您講話,1627016040846724,10596,4931,民進黨,台中市第8選舉區,46.5364288410721
黃瑞坤,黃瑞坤 fans,kun3312996,649,265,國民黨,台南市第1選舉區,40.83204930662558
葉宜津,葉宜津,YehYiJin,42249,7849,民進黨,台南市第1選舉區,18.577954507799003
黃耀盛,中國國民黨立法委員105年台南第二選區參選人【黃耀盛】,yaosheng2016,1177,237,國民黨,台南市第2選舉區,20.135938827527614
黃偉哲,立法委員 黃偉哲,taiwanweicher,20874,2957,民進黨,台南市第2選舉區,14.165948069368591
謝龍介,謝龍介,TEL062268268,9369,1081,國民黨,台南市第3選舉區,11.538051019319031
陳亭妃,立法委員 陳亭妃,fififans,23358,2002,民進黨,台南市第3選舉區,8.570939292747667
鄧秀寶,鄧秀寶,MKTMonaLisa,1376,1475,民國黨,台南市第3選舉區,107.19476744186048
陳淑慧,立法委員陳淑慧,169461366430673,1809,886,國民黨,台南市第4選舉區,48.977335544499724
林俊憲,林俊憲,seeklin,9533,5590,民進黨,台南市第4選舉區,58.63841393055701
楊智達,楊智達,zdayoung,6439,4726,綠黨社會民主黨聯盟,台南市第4選舉區,73.39649013822022
林易煌,林易煌醫師,linyihuang2105,1479,435,國民黨,台南市第5選舉區,29.411764705882355
王定宇,王定宇,wdy19690305,137043,75819,民進黨,台南市第5選舉區,55.32497099450537
李盈蒔,李盈蒔,1533425533637945,310,11,中華統一促進黨,台南市第5選舉區,3.5483870967741935
鍾易仲,幸福好粽 鍾易仲,loveyichung,8336,5438,國民黨,高雄市第1選舉區,65.23512476007679
邱議瑩,登真-邱議瑩,179828222070223,20779,8755,民進黨,高雄市第1選舉區,42.13388517252996
黃韻涵,黃韻涵粉絲頁,huangyunhan73,6213,3176,國民黨,高雄市第2選舉區,51.1186222436826
邱志偉,邱志偉,1588286501409955,30712,3726,民進黨,高雄市第2選舉區,12.132065642094297
曾盈豐,曾盈豐-立法委員參選後援會,evo088088,175,186,自由台灣黨,高雄市第2選舉區,106.28571428571429
張顯耀,左楠好朋友張顯耀,2016newofficial,1536,715,國民黨,高雄市第3選舉區,46.54947916666667
劉世芳,左楠新立委劉世芳,2016newpower,19761,5812,民進黨,高雄市第3選舉區,29.4114670310207
梁蓓禎,梁蓓禎,liangbeizhen,4366,2745,信心希望聯盟,高雄市第3選舉區,62.87219422812643
郭倫豪,郭倫豪粉絲團,840699296019292,4639,1382,國民黨,高雄市第4選舉區,29.790903211899117
林岱樺,立法委員 林岱樺,LinDaiHua,6810,1523,民進黨,高雄市第4選舉區,22.36417033773862
蔡金晏,"下港的囝仔, 蔡金晏",tsaijinyen,10596,3101,國民黨,高雄市第5選舉區,29.265760664401665
管碧玲,管碧玲 (kuanbiling),biling.kuan,18209,1297,民進黨,高雄市第5選舉區,7.12285133725081
王新昌,王新昌 高雄第五選區立委參選後援會,428246474034089,248,1260,軍公教聯盟黨,高雄市第5選舉區,508.0645161290323
黃柏霖,黃柏霖,polin66666,27560,16414,國民黨,高雄市第6選舉區,59.55732946298984
李昆澤,李昆澤,power2tw,93717,19374,民進黨,高雄市第6選舉區,20.672876852652134
莊啟旺,莊啟旺,davis0301,8756,3290,國民黨,高雄市第7選舉區,37.57423481041571
趙天麟,趙天麟,skychao6238,102327,14610,民進黨,高雄市第7選舉區,14.2777566038289
黃璽文,鳳山有光黃璽文,HUANG2308,3097,542,國民黨,高雄市第8選舉區,17.50080723280594
許智傑,許智傑,ifongshan,22750,5565,民進黨,高雄市第8選舉區,24.461538461538463
林國正,林國正,1620968714810495,2164,2564,國民黨,高雄市第9選舉區,118.48428835489833
賴瑞隆,賴瑞隆,774908905922784,20453,8880,民進黨,高雄市第9選舉區,43.416613699701756
林宗彥,林宗彥博士 民國黨立委候選人 高雄市前鎮小港區,MktPhDLin,1977,722,民國黨,高雄市第9選舉區,36.51997976732423
蔡媽福,蔡媽福,103901806331276,456,46,中華統一促進黨,高雄市第9選舉區,10.087719298245613
郝龍斌,好基隆 郝龍斌,haulb,72515,11657,國民黨,基隆市選舉區,16.075294766600017
蔡適應,基隆.蔡適應,114129008623973,17249,10380,民進黨,基隆市選舉區,60.17740158849788
劉文雄,劉文雄（Liu Wen Hsiung）,LiuWenHsiung,42458,10926,親民黨,基隆市選舉區,25.73366621131471
李志鏞,李志鏞,YilanGOOD,3743,704,國民黨,宜蘭縣選舉區,18.808442425861607
陳歐珀,陳歐珀,chenoupo,17480,1416,民進黨,宜蘭縣選舉區,8.100686498855836
吳紹文,吳紹文 宜蘭縣立委參選人,shaowen333,3139,4060,綠黨社會民主黨聯盟,宜蘭縣選舉區,129.34055431666135
孫博萮,｛Fish睬政治｝孫博萮,SunPoYu,1756,703,無黨籍,宜蘭縣選舉區,40.03416856492027
林為洲,林為洲,weijoteam,52550,4694,國民黨,新竹縣選舉區,8.93244529019981
邱靖雅,邱靖雅 - 新竹縣立法委員候選人,joinus.tw,4856,1054,民國黨,新竹縣選舉區,21.70510708401977
鄭永金,鄭永金後援會,hsinchu.no1,16762,3858,無黨籍,新竹縣選舉區,23.01634649803126
卓恩宗,卓恩宗 堅持信念，把不可能變為可能,anthung.cho,573,96,信心希望聯盟,新竹縣選舉區,16.75392670157068
鄭正鈐,鄭正鈐,CCCHsinchu,34098,7530,國民黨,新竹市選舉區,22.083406651416507
柯建銘,柯建銘,kerchenming,140266,22061,民進黨,新竹市選舉區,15.727973992271826
歐崇敬,歐崇敬,140678319317061,1356,507,親民黨,新竹市選舉區,37.389380530973455
邱顯智,邱顯智 為人民辯護,LawyerHandyChiu,26849,38973,時代力量,新竹市選舉區,145.1562441804164
魏揚,魏揚   戰勝藍、綠唯一支持,WY.Hsinchu,84,78,軍公教聯盟黨,新竹市選舉區,92.85714285714286
陳超明,陳超明立法委員-竹南服務總部,215361781885954,2948,23,國民黨,苗栗縣第1選舉區,0.7801899592944369
杜文卿,杜文卿Tu Wen-ching,752720694842271,3948,2660,民進黨,苗栗縣第1選舉區,67.37588652482269
康世儒,康世儒,Kangshihju,19080,1728,民國黨,苗栗縣第1選舉區,9.056603773584905
林一方,林一方  苗栗第一選區立委參選人,ithongclub,1931,871,自由台灣黨,苗栗縣第1選舉區,45.10616261004661
徐志榮,看見徐志榮,1385833738386412,2354,1497,國民黨,苗栗縣第2選舉區,63.59388275276125
吳宜臻,吳宜臻,2014voteformiaoli,12637,1418,民進黨,苗栗縣第2選舉區,11.221017646593337
戴文祥,戴文祥（苗栗新政治工作者）,94imiaoli,769,559,無黨籍,苗栗縣第2選舉區,72.69180754226268
王惠美,尚打拼ㄟ王惠美．和美媳婦．鹿港女兒,wang.huimei,5981,3099,國民黨,彰化縣第1選舉區,51.81407791339241
陳文彬,陳文彬,AkiraChenFans,19553,21386,民進黨,彰化縣第1選舉區,109.37452053393342
林滄敏,林滄敏,tsangmin11,8178,3067,國民黨,彰化縣第2選舉區,37.50305698214723
黃秀芳,黃秀芳,smilefangfang,2916,2604,民進黨,彰化縣第2選舉區,89.30041152263375
張耀元,張耀元醫師 民國黨立委參選人_彰化‧花壇‧芬園,MKTDr.Chang,3882,2858,民國黨,彰化縣第2選舉區,73.62184441009789
黃玉芬,黃玉芬,491176550931779,2749,939,無黨籍,彰化縣第2選舉區,34.15787559112404
許永金,許永金,184994178501035,1721,459,無黨籍,彰化縣第2選舉區,26.670540383497965
鄭汝芬,立法委員鄭汝芬,246025718756404,3332,514,國民黨,彰化縣第3選舉區,15.426170468187275
洪宗熠,關鍵熠席-洪宗熠,1503029943345019,2621,946,民進黨,彰化縣第3選舉區,36.09309423884014
張錦昆,員林市長 張錦昆,Keepgoing.KUN,5849,5596,國民黨,彰化縣第4選舉區,95.67447426910583
陳素月,陳素月SayYes,chengSayYes,11842,1366,民進黨,彰化縣第4選舉區,11.535213646343523
馬文君,馬文君,nantou.go,5958,1138,國民黨,南投縣第1選舉區,19.100369251426653
張國鑫,立委候選人張國鑫,Kchang.Fans,2505,3896,民進黨,南投縣第1選舉區,155.52894211576847
許淑華,許淑華,130771133668155,13661,9583,國民黨,南投縣第2選舉區,70.14859819925336
蔡煌瑯,蔡煌瑯,373362590787,27541,20706,民進黨,南投縣第2選舉區,75.18245524853853
張鎔麒,張鎔麒,1685389718372194,2576,3669,國民黨,雲林縣第1選舉區,142.4301242236025
蘇治芬,蘇治芬,suchihfen,36912,9068,民進黨,雲林縣第1選舉區,24.566536627654965
吳威志,吳威志,WishYunlin,18749,780,國民黨,雲林縣第2選舉區,4.160221878500186
劉建國,劉建國,liucnko.fans,32302,2304,民進黨,雲林縣第2選舉區,7.1326852826450375
林江釧,林江釧 釧起嘉義的幸福,bestchiayi,3754,1829,國民黨,嘉義縣第1選舉區,48.721363878529566
蔡易餘,蔡易餘 家己人,chaiyionefish,15515,2466,民進黨,嘉義縣第1選舉區,15.89429584273284
林于玲,林于玲,chiayilinyuling,2233,875,國民黨,嘉義縣第2選舉區,39.18495297805642
吳育仁,吳育仁《觀照下的願力新世界》,Labour.tw,12731,1673,國民黨,嘉義市選舉區,13.141151519912025
李俊俋,李俊俋,chunyileefans,31358,6592,民進黨,嘉義市選舉區,21.021748836022706
黃宏成台灣阿成世界偉人財神總統,黃宏成台灣阿成世界偉人財神總統,860334320708358,357,26,無黨籍,嘉義市選舉區,7.282913165266107
蘇震清,『蘇震清-我們承擔起責任』,su7666636,6182,265,民進黨,屏東縣第1選舉區,4.286638628275639
王進士,王進士,854760791227828,14624,5098,國民黨,屏東縣第2選舉區,34.860503282275715
鍾佳濱,鍾佳濱,cafe1965,15703,3273,民進黨,屏東縣第2選舉區,20.84315099025664
許謹如,屏東女飛人-許謹如,514483485382561,609,1673,國民黨,屏東縣第3選舉區,274.71264367816093
莊瑞雄,莊瑞雄-雄有戰力,dpp.greenbear,2005,305,民進黨,屏東縣第3選舉區,15.211970074812967
黃昭展,黃昭展在地服務團隊,pingtungH,12185,1277,無黨籍,屏東縣第3選舉區,10.480098481739844
丁勇智,自由台灣黨 丁勇智立委競選總部後援會,1664488257138527,116,121,自由台灣黨,屏東縣第3選舉區,104.3103448275862
陳建閣,陳建閣,taitungjacky,1350,99,國民黨,臺東縣選舉區,7.333333333333333
劉櫂豪,劉櫂豪,ZhaoHaoLiu,11342,2211,民進黨,臺東縣選舉區,19.493916416857697
王廷升,王廷升,174625412640734,867,90,國民黨,花蓮縣選舉區,10.380622837370241
蕭美琴,蕭美琴,Bikhim,53407,7153,民進黨,花蓮縣選舉區,13.393375400228436
陳雙全,陳雙全,PGgogo,1168,49,國民黨,澎湖縣選舉區,4.195205479452055
楊曜,楊曜Yangyao,220796314615357,1713,219,民進黨,澎湖縣選舉區,12.784588441331
冼義哲,冼義哲,Che.Political,1675,185,樹黨,澎湖縣選舉區,11.044776119402986
陳滄江,陳滄江,173281682704778,6547,56,民進黨,金門縣選舉區,0.8553535970673591
吳成典,吳成典-點點青年軍,island.power.young.point,2493,1120,新黨,金門縣選舉區,44.925792218210994
陳德輝,陳德輝-與您一起返金逐夢的立法委員候選人,kinmem.dream,97,101,台灣工黨,金門縣選舉區,104.1237113402062
高丹樺,高丹樺 作家,danhuakao,2065,4778,軍公教聯盟黨,金門縣選舉區,231.38014527845036
蘇柏豪,蘇柏豪,twporcupine,2679,216,樹黨,連江縣選舉區,8.062709966405375
陳瑩,陳瑩-Ying  Chen原住民族事務廣場,808141885898192,6290,1362,民進黨,平地原住民選舉區,21.65341812400636
吳國譽,吳國譽 Rahic Amind,1981yu,2152,1701,民國黨,平地原住民選舉區,79.04275092936803
馬躍．比吼,馬躍．比吼 Mayaw Biho,2016mayawbiho,19457,20843,無黨籍,平地原住民選舉區,107.12340031865139
達佶祐・卡造,達佶祐・卡造,takiyokacaw,394,274,軍公教聯盟黨,平地原住民選舉區,69.54314720812182
柯荏耀,柯荏耀,Trueman1219,81,2,無黨籍,平地原住民選舉區,2.4691358024691357
達摩·阿雄,達摩·阿雄,632081320265155,12,5,無黨籍,平地原住民選舉區,41.66666666666667
孔文吉,孔文吉,134086613358799,1200,17,國民黨,山地原住民選舉區,1.4166666666666665
簡東明,簡東明(Uliw.Qaljupayare),uliw.qaljupayare,2545,374,國民黨,山地原住民選舉區,14.695481335952849
高金素梅,高金素梅(吉娃斯．阿麗),giwas888,12947,5890,無黨團結聯盟,山地原住民選舉區,45.49316443963853
林信義,林信義,WaTanDoPow,1108,235,信心希望聯盟,山地原住民選舉區,21.209386281588447
尤命‧蘇樣,尤命蘇樣-山原立委候選人-獨立參選,twsuyan,248,285,無黨籍,山地原住民選舉區,114.91935483870968
林世偉,林世偉,101608840186679,578,56,無黨籍,山地原住民選舉區,9.688581314878892
王金平,王金平,173927656287650,8743,15350,國民黨,不分區,175.56902664989133
曾銘宗,曾銘宗,TsengMingChung,12751,115,國民黨,不分區,0.9018900478393852
黃昭順,黃昭順-鐵的康乃馨,KHshun,7456,347,國民黨,不分區,4.653969957081545
吳志揚,吳志揚,johnwu28,3785,62,國民黨,不分區,1.6380449141347424
張麗善,張麗善粉絲團,yunlin.lishan,55442,3135,國民黨,不分區,5.6545579163810835
王育敏,兒少尖兵-立法委員王育敏,151758448274492,4210,253,國民黨,不分區,6.009501187648456
林奕華,林奕華之奕想華園,209010448523,2330,10,國民黨,不分區,0.4291845493562232
李貴敏,李貴敏委員粉絲團,lystaceylee,1633,196,國民黨,不分區,12.002449479485609
徐巧芯,徐巧芯,HsuChiaoHsin,12341,5304,國民黨,不分區,42.978688923101856
李正皓,李正皓,869453123161828,546,1471,國民黨,不分區,269.4139194139194
林家興,林家興的復革人生,LJXfight4ROC,2027,136,國民黨,不分區,6.709422792303897
蕭敬嚴,蕭敬嚴 X 革新世代,james.hsiao.1215,708,134,國民黨,不分區,18.926553672316384
顧立雄,顧立雄,Taipei.WellingtonKoo,27605,53,民進黨,不分區,0.19199420394856004
余宛如,余宛如,Yuwanju,1240,14,民進黨,不分區,1.129032258064516
蘇嘉全,蘇嘉全,torosu,102583,117,民進黨,不分區,0.11405398555316183
段宜康,段宜康,tuanyikang,72818,16892,民進黨,不分區,23.197561042599357
鄭麗君,鄭麗君,love.lichiun,11526,103,民進黨,不分區,0.8936317889987854
陳其邁,陳其邁 Chen Chi-Mai,122936517768637,30235,14209,民進黨,不分區,46.99520423350422
尤美女,尤美女立委,yumeinu,15947,111,民進黨,不分區,0.6960556844547563
李應元,李應元-台灣應元團,LoveYingYuan,4897,424,民進黨,不分區,8.658362262609762
林靜儀,林靜儀,LinCYminorta,2417,848,民進黨,不分區,35.0848158874638
徐國勇,前進新台灣－徐國勇律師,tommyhsu47,8484,11310,民進黨,不分區,133.30975954738332
郭正亮,郭正亮,199506260092407,13433,682,民進黨,不分區,5.077049058289288
余莓莓,余莓莓,152375864844407,13825,749,民進黨,不分區,5.417721518987341
黃帝穎,黃帝穎,HuangDiYing,2454,1348,民進黨,不分區,54.930725346373265
賴振昌,台聯立法委員 賴振昌,LaiChanChun,2948,228,台灣團結聯盟,不分區,7.734056987788331
高基讚,高基讚,kao.service1113,658,18,台灣團結聯盟,不分區,2.735562310030395
張素華,張素華,sowhuaa.org,537,43,台灣團結聯盟,不分區,8.007448789571695
周倪安,點亮雙和 周倪安祝您安,tsu.chounian,6100,959,台灣團結聯盟,不分區,15.721311475409836
李卓翰,李卓翰 - 台北市公民參與委員,seeuneed,2747,5,台灣團結聯盟,不分區,0.18201674554058975
鄭秀玲,鄭秀玲,1496899860638873,124,12,時代力量,不分區,9.67741935483871
柯一正,柯一正,koimagelephant,976,9,時代力量,不分區,0.9221311475409836
徐永明,徐永明教授,polymh,24067,3435,時代力量,不分區,14.27265550338638
張麗芬,張麗芬,767570560018771,9438,9745,綠黨社會民主黨聯盟,不分區,103.25280779826234
李根政,李根政,leekc2016,6646,7914,綠黨社會民主黨聯盟,不分區,119.07914535058681
詹順貴,詹順貴,thomas0126,7459,1909,綠黨社會民主黨聯盟,不分區,25.593243062072663
葉大華,葉大華,veranayeh,1549,585,綠黨社會民主黨聯盟,不分區,37.76630083925113
謝英俊,謝英俊建築師 第三建築工作室 Hsieh Ying-Chun,hsiehyingchun,3872,368,綠黨社會民主黨聯盟,不分區,9.50413223140496
許秀雯,同志許秀雯 綠黨不分區,MeVictoriaHSU,5568,1423,綠黨社會民主黨聯盟,不分區,25.55675287356322
李鴻鈞,立法委員李鴻鈞,176709252368240,723,24,親民黨,不分區,3.319502074688797
陳怡潔,立委 陳怡潔 Chen Yi-Chieh,538471059564180,9875,2895,親民黨,不分區,29.31645569620253
李天鐸,李天鐸軍事論壇,timlee88,5420,616,民國黨,不分區,11.365313653136532
葉毓蘭,葉毓蘭,838519366164832,10161,3960,新黨,不分區,38.972542072630645
邱毅,邱毅『談天論地話縱橫』,127907197272507,31015,5058,新黨,不分區,16.308237949379333
王炳忠,王炳忠,bingzhong.wang,9958,2242,新黨,不分區,22.514561156858807
侯漢廷,侯漢廷,HanTingHou,2289,3446,新黨,不分區,150.5460899956313
趙家蓉,趙家蓉服務讚,223335004526185,1925,21,新黨,不分區,1.090909090909091
楊世光,楊世光的新視野,362509207185719,22921,1066,新黨,不分區,4.650756947777148
周芷萱,周芷萱　斬父權獨立劍　老娘就是反骨！,ChihHsuanChouFreeTaiwanParty,1576,762,自由台灣黨,不分區,48.3502538071066
蕭曉玲,蕭曉玲,166352390093354,4820,249,自由台灣黨,不分區,5.165975103734439
郭正典,郭正典的粉絲頁,cdkuo,2315,274,自由台灣黨,不分區,11.83585313174946
蔡丁貴,蔡丁貴教授-台灣堅持的力量,320049491447,19658,3275,自由台灣黨,不分區,16.659884016685318
陶君亮,陶君亮,NewPower.TwinEngines,1874,778,信心希望聯盟,不分區,41.51547491995731
南岳君,南岳君的奇蹟之旅,votenan,1792,549,信心希望聯盟,不分區,30.636160714285715
鄭美珠,鄭美珠,meichu55,487,383,無黨團結聯盟,不分區,78.64476386036962
蔡錦賢,蔡錦賢,269017619899884,5361,11,無黨團結聯盟,不分區,0.20518559970154823
張安樂,張安樂粉絲團,619924111375538,11220,1724,中華統一促進黨,不分區,15.36541889483066
趙福芬,趙福芬,ZhaoFuFen,757,12,中華統一促進黨,不分區,1.5852047556142668
潘翰聲,潘翰聲,panhan3.treesparty,4381,368,樹黨,不分區,8.399908696644601
